"Pot","Genotype","FRI","mutant","Treatment.V","Chamber","Days.to.Bolt","Chamber.Irradiance"
1,"flc-3","fri","flc-3","22ConLDNV",1,18,"High"
2,"flc-3 FRI","FRI","flc-3","22ConLDNV",1,18,"High"
3,"Col FRI","FRI","WT","22ConLDNV",1,70,"High"
4,"flc-3","fri","flc-3","22ConLDNV",1,18,"High"
5,"vin3-4","fri","vin3-4","22ConLDNV",1,18,"High"
6,"vin3-4 FRI","FRI","vin3-4","22ConLDNV",1,64,"High"
7,"Col","fri","WT","22ConLDNV",1,20,"High"
8,"Col","fri","WT","22ConLDNV",1,21,"High"
9,"Col FRI","FRI","WT","22ConLDNV",1,53,"High"
10,"vin3-4","fri","vin3-4","22ConLDNV",1,23,"High"
11,"Col FRI","FRI","WT","22ConLDNV",1,65,"High"
12,"flc-3","fri","flc-3","22ConLDNV",1,16,"High"
13,"vin3-4 FRI","FRI","vin3-4","22ConLDNV",1,88,"High"
14,"vin3-4","fri","vin3-4","22ConLDNV",1,20,"High"
15,"Col FRI","FRI","WT","22ConLDNV",1,44,"High"
16,"Col","fri","WT","22ConLDNV",1,18,"High"
17,"vin3-4 FRI","FRI","vin3-4","22ConLDNV",1,45,"High"
18,"vin3-4 FRI","FRI","vin3-4","22ConLDNV",1,86,"High"
19,"flc-3 FRI","FRI","flc-3","22ConLDNV",1,17,"High"
20,"flc-3","fri","flc-3","22ConLDNV",1,18,"High"
21,"Col","fri","WT","22ConLDNV",1,20,"High"
22,"vin3-4","fri","vin3-4","22ConLDNV",1,19,"High"
23,"flc-3 FRI","FRI","flc-3","22ConLDNV",1,18,"High"
24,"flc-3 FRI","FRI","flc-3","22ConLDNV",1,18,"High"
1,"vin3-4","fri","vin3-4","22ConLDNV",2,23,"Low"
2,"Col","fri","WT","22ConLDNV",2,21,"Low"
3,"vin3-4 FRI","FRI","vin3-4","22ConLDNV",2,65,"Low"
4,"flc-3 FRI","FRI","flc-3","22ConLDNV",2,19,"Low"
5,"flc-3","fri","flc-3","22ConLDNV",2,21,"Low"
6,"vin3-4","fri","vin3-4","22ConLDNV",2,22,"Low"
7,"flc-3 FRI","FRI","flc-3","22ConLDNV",2,20,"Low"
8,"vin3-4 FRI","FRI","vin3-4","22ConLDNV",2,83,"Low"
9,"Col","fri","WT","22ConLDNV",2,20,"Low"
10,"vin3-4","fri","vin3-4","22ConLDNV",2,23,"Low"
11,"flc-3","fri","flc-3","22ConLDNV",2,21,"Low"
12,"Col","fri","WT","22ConLDNV",2,22,"Low"
13,"flc-3","fri","flc-3","22ConLDNV",2,20,"Low"
14,"flc-3","fri","flc-3","22ConLDNV",2,18,"Low"
15,"vin3-4 FRI","FRI","vin3-4","22ConLDNV",2,58,"Low"
16,"Col","fri","WT","22ConLDNV",2,18,"Low"
17,"Col FRI","FRI","WT","22ConLDNV",2,44,"Low"
18,"Col FRI","FRI","WT","22ConLDNV",2,79,"Low"
19,"Col FRI","FRI","WT","22ConLDNV",2,68,"Low"
20,"Col FRI","FRI","WT","22ConLDNV",2,73,"Low"
21,"flc-3 FRI","FRI","flc-3","22ConLDNV",2,18,"Low"
22,"vin3-4 FRI","FRI","vin3-4","22ConLDNV",2,63,"Low"
23,"flc-3 FRI","FRI","flc-3","22ConLDNV",2,18,"Low"
24,"vin3-4","fri","vin3-4","22ConLDNV",2,23,"Low"
1,"vin3-4","fri","vin3-4","22ConLDV",3,18,"High"
2,"flc-3","fri","flc-3","22ConLDV",3,18,"High"
3,"Col FRI","FRI","WT","22ConLDV",3,23,"High"
4,"flc-3","fri","flc-3","22ConLDV",3,15,"High"
5,"flc-3 FRI","FRI","flc-3","22ConLDV",3,18,"High"
6,"vin3-4","fri","vin3-4","22ConLDV",3,18,"High"
7,"Col FRI","FRI","WT","22ConLDV",3,20,"High"
8,"Col","fri","WT","22ConLDV",3,17,"High"
9,"vin3-4","fri","vin3-4","22ConLDV",3,18,"High"
10,"vin3-4","fri","vin3-4","22ConLDV",3,18,"High"
11,"vin3-4 FRI","FRI","vin3-4","22ConLDV",3,60,"High"
12,"flc-3","fri","flc-3","22ConLDV",3,18,"High"
13,"vin3-4 FRI","FRI","vin3-4","22ConLDV",3,81,"High"
14,"Col","fri","WT","22ConLDV",3,17,"High"
15,"vin3-4 FRI","FRI","vin3-4","22ConLDV",3,62,"High"
16,"flc-3","fri","flc-3","22ConLDV",3,16,"High"
17,"Col FRI","FRI","WT","22ConLDV",3,21,"High"
18,"flc-3 FRI","FRI","flc-3","22ConLDV",3,15,"High"
19,"flc-3 FRI","FRI","flc-3","22ConLDV",3,17,"High"
20,"vin3-4 FRI","FRI","vin3-4","22ConLDV",3,39,"High"
21,"Col FRI","FRI","WT","22ConLDV",3,20,"High"
22,"Col","fri","WT","22ConLDV",3,15,"High"
23,"Col","fri","WT","22ConLDV",3,17,"High"
24,"flc-3 FRI","FRI","flc-3","22ConLDV",3,18,"High"
1,"vin3-4","fri","vin3-4","22ConLDV",4,17,"Low"
2,"Col","fri","WT","22ConLDV",4,16,"Low"
3,"vin3-4","fri","vin3-4","22ConLDV",4,20,"Low"
4,"Col","fri","WT","22ConLDV",4,17,"Low"
5,"Col FRI","FRI","WT","22ConLDV",4,21,"Low"
6,"flc-3","fri","flc-3","22ConLDV",4,16,"Low"
7,"flc-3 FRI","FRI","flc-3","22ConLDV",4,17,"Low"
8,"flc-3","fri","flc-3","22ConLDV",4,18,"Low"
9,"Col","fri","WT","22ConLDV",4,18,"Low"
10,"Col FRI","FRI","WT","22ConLDV",4,25,"Low"
11,"Col FRI","FRI","WT","22ConLDV",4,23,"Low"
12,"flc-3","fri","flc-3","22ConLDV",4,18,"Low"
13,"vin3-4","fri","vin3-4","22ConLDV",4,19,"Low"
14,"vin3-4","fri","vin3-4","22ConLDV",4,19,"Low"
15,"vin3-4 FRI","FRI","vin3-4","22ConLDV",4,76,"Low"
16,"flc-3 FRI","FRI","flc-3","22ConLDV",4,16,"Low"
17,"vin3-4 FRI","FRI","vin3-4","22ConLDV",4,78,"Low"
18,"vin3-4 FRI","FRI","vin3-4","22ConLDV",4,65,"Low"
19,"flc-3","fri","flc-3","22ConLDV",4,17,"Low"
20,"flc-3 FRI","FRI","flc-3","22ConLDV",4,17,"Low"
21,"vin3-4 FRI","FRI","vin3-4","22ConLDV",4,72,"Low"
22,"Col FRI","FRI","WT","22ConLDV",4,20,"Low"
23,"flc-3 FRI","FRI","flc-3","22ConLDV",4,16,"Low"
24,"Col","fri","WT","22ConLDV",4,18,"Low"
1,"Col FRI","FRI","WT","22VarLDNV",5,38,"High"
2,"flc-3 FRI","FRI","flc-3","22VarLDNV",5,17,"High"
3,"vin3-4 FRI","FRI","vin3-4","22VarLDNV",5,39,"High"
4,"Col FRI","FRI","WT","22VarLDNV",5,36,"High"
5,"flc-3","fri","flc-3","22VarLDNV",5,18,"High"
6,"vin3-4 FRI","FRI","vin3-4","22VarLDNV",5,36,"High"
7,"vin3-4 FRI","FRI","vin3-4","22VarLDNV",5,35,"High"
8,"Col","fri","WT","22VarLDNV",5,20,"High"
9,"vin3-4","fri","vin3-4","22VarLDNV",5,22,"High"
10,"vin3-4","fri","vin3-4","22VarLDNV",5,23,"High"
11,"vin3-4","fri","vin3-4","22VarLDNV",5,19,"High"
12,"Col","fri","WT","22VarLDNV",5,19,"High"
13,"Col","fri","WT","22VarLDNV",5,24,"High"
14,"Col","fri","WT","22VarLDNV",5,20,"High"
15,"flc-3","fri","flc-3","22VarLDNV",5,18,"High"
16,"flc-3","fri","flc-3","22VarLDNV",5,17,"High"
17,"flc-3","fri","flc-3","22VarLDNV",5,19,"High"
18,"vin3-4 FRI","FRI","vin3-4","22VarLDNV",5,35,"High"
19,"vin3-4","fri","vin3-4","22VarLDNV",5,20,"High"
20,"flc-3 FRI","FRI","flc-3","22VarLDNV",5,18,"High"
21,"flc-3 FRI","FRI","flc-3","22VarLDNV",5,18,"High"
22,"Col FRI","FRI","WT","22VarLDNV",5,38,"High"
23,"flc-3 FRI","FRI","flc-3","22VarLDNV",5,17,"High"
24,"Col FRI","FRI","WT","22VarLDNV",5,40,"High"
1,"Col FRI","FRI","WT","22VarLDNV",6,45,"Low"
2,"Col","fri","WT","22VarLDNV",6,22,"Low"
3,"Col","fri","WT","22VarLDNV",6,21,"Low"
4,"flc-3","fri","flc-3","22VarLDNV",6,19,"Low"
5,"vin3-4 FRI","FRI","vin3-4","22VarLDNV",6,45,"Low"
6,"flc-3","fri","flc-3","22VarLDNV",6,19,"Low"
7,"vin3-4 FRI","FRI","vin3-4","22VarLDNV",6,41,"Low"
8,"flc-3 FRI","FRI","flc-3","22VarLDNV",6,19,"Low"
9,"flc-3","fri","flc-3","22VarLDNV",6,20,"Low"
10,"Col FRI","FRI","WT","22VarLDNV",6,46,"Low"
11,"vin3-4","fri","vin3-4","22VarLDNV",6,21,"Low"
12,"vin3-4","fri","vin3-4","22VarLDNV",6,21,"Low"
13,"vin3-4","fri","vin3-4","22VarLDNV",6,26,"Low"
14,"Col FRI","FRI","WT","22VarLDNV",6,45,"Low"
15,"Col","fri","WT","22VarLDNV",6,19,"Low"
16,"flc-3 FRI","FRI","flc-3","22VarLDNV",6,18,"Low"
17,"flc-3 FRI","FRI","flc-3","22VarLDNV",6,18,"Low"
18,"Col","fri","WT","22VarLDNV",6,22,"Low"
19,"vin3-4 FRI","FRI","vin3-4","22VarLDNV",6,42,"Low"
20,"vin3-4","fri","vin3-4","22VarLDNV",6,22,"Low"
21,"flc-3 FRI","FRI","flc-3","22VarLDNV",6,18,"Low"
22,"Col FRI","FRI","WT","22VarLDNV",6,45,"Low"
23,"flc-3","fri","flc-3","22VarLDNV",6,18,"Low"
24,"vin3-4 FRI","FRI","vin3-4","22VarLDNV",6,45,"Low"
1,"flc-3 FRI","FRI","flc-3","22VarLDV",7,16,"High"
2,"flc-3","fri","flc-3","22VarLDV",7,18,"High"
3,"Col","fri","WT","22VarLDV",7,17,"High"
4,"vin3-4","fri","vin3-4","22VarLDV",7,19,"High"
5,"vin3-4 FRI","FRI","vin3-4","22VarLDV",7,42,"High"
6,"flc-3","fri","flc-3","22VarLDV",7,17,"High"
7,"vin3-4","fri","vin3-4","22VarLDV",7,20,"High"
8,"Col","fri","WT","22VarLDV",7,19,"High"
9,"vin3-4","fri","vin3-4","22VarLDV",7,21,"High"
10,"flc-3 FRI","FRI","flc-3","22VarLDV",7,17,"High"
11,"Col FRI","FRI","WT","22VarLDV",7,24,"High"
12,"flc-3","fri","flc-3","22VarLDV",7,17,"High"
13,"Col FRI","FRI","WT","22VarLDV",7,21,"High"
14,"flc-3 FRI","FRI","flc-3","22VarLDV",7,17,"High"
15,"Col","fri","WT","22VarLDV",7,19,"High"
16,"vin3-4","fri","vin3-4","22VarLDV",7,17,"High"
17,"Col FRI","FRI","WT","22VarLDV",7,23,"High"
18,"flc-3 FRI","FRI","flc-3","22VarLDV",7,17,"High"
19,"Col FRI","FRI","WT","22VarLDV",7,24,"High"
20,"vin3-4 FRI","FRI","vin3-4","22VarLDV",7,40,"High"
21,"flc-3","fri","flc-3","22VarLDV",7,17,"High"
22,"Col","fri","WT","22VarLDV",7,17,"High"
23,"vin3-4 FRI","FRI","vin3-4","22VarLDV",7,35,"High"
24,"vin3-4 FRI","FRI","vin3-4","22VarLDV",7,39,"High"
1,"flc-3","fri","flc-3","22VarLDV",8,18,"Low"
2,"vin3-4 FRI","FRI","vin3-4","22VarLDV",8,48,"Low"
3,"flc-3 FRI","FRI","flc-3","22VarLDV",8,16,"Low"
4,"vin3-4","fri","vin3-4","22VarLDV",8,20,"Low"
5,"Col","fri","WT","22VarLDV",8,20,"Low"
6,"flc-3 FRI","FRI","flc-3","22VarLDV",8,17,"Low"
7,"vin3-4 FRI","FRI","vin3-4","22VarLDV",8,44,"Low"
8,"vin3-4 FRI","FRI","vin3-4","22VarLDV",8,41,"Low"
9,"Col FRI","FRI","WT","22VarLDV",8,25,"Low"
10,"flc-3","fri","flc-3","22VarLDV",8,21,"Low"
11,"Col","fri","WT","22VarLDV",8,19,"Low"
12,"flc-3 FRI","FRI","flc-3","22VarLDV",8,17,"Low"
13,"vin3-4","fri","vin3-4","22VarLDV",8,19,"Low"
14,"Col FRI","FRI","WT","22VarLDV",8,25,"Low"
15,"Col","fri","WT","22VarLDV",8,19,"Low"
16,"vin3-4","fri","vin3-4","22VarLDV",8,18,"Low"
17,"flc-3","fri","flc-3","22VarLDV",8,19,"Low"
18,"vin3-4","fri","vin3-4","22VarLDV",8,20,"Low"
19,"vin3-4 FRI","FRI","vin3-4","22VarLDV",8,45,"Low"
20,"Col FRI","FRI","WT","22VarLDV",8,26,"Low"
21,"flc-3","fri","flc-3","22VarLDV",8,17,"Low"
22,"flc-3 FRI","FRI","flc-3","22VarLDV",8,19,"Low"
23,"Col","fri","WT","22VarLDV",8,17,"Low"
24,"Col FRI","FRI","WT","22VarLDV",8,25,"Low"
